﻿{
  "ProviderId": "Microsoft.VisualStudio.ConnectedService.Wcf",
  "Version": "15.0.40203.910",
  "GettingStartedDocument": {
    "Uri": "https://go.microsoft.com/fwlink/?linkid=858517"
  },
  "ExtendedData": {
    "inputs": [
      "http://localhost:54756/TrgovinaService.svc"
    ],
    "collectionTypes": [
      "System.Array",
      "System.Collections.Generic.Dictionary`2"
    ],
    "namespaceMappings": [
      "*, ServiceReferenceDohvatiTrgovine"
    ],
    "references": [
      "AdvancedStringBuilder, {AdvancedStringBuilder, 0.1.0}",
      "ClearScript.Core, {Microsoft.ClearScript.Core, 7.1.1}",
      "ClearScript.V8, {Microsoft.ClearScript.V8, 7.1.1}",
      "JavaScriptEngineSwitcher.Core, {JavaScriptEngineSwitcher.Core, 3.3.0}",
      "JavaScriptEngineSwitcher.Extensions.MsDependencyInjection, {JavaScriptEngineSwitcher.Extensions.MsDependencyInjection, 3.3.0}",
      "JavaScriptEngineSwitcher.V8, {JavaScriptEngineSwitcher.V8, 3.11.2}",
      "JSPool, {JSPool, 4.0.0}",
      "Microsoft.Data.SqlClient, {Microsoft.Data.SqlClient, 2.0.1}",
      "Microsoft.Data.Sqlite, {Microsoft.Data.Sqlite.Core, 5.0.3}",
      "Microsoft.DotNet.PlatformAbstractions, {Microsoft.DotNet.PlatformAbstractions, 3.1.6}",
      "Microsoft.EntityFrameworkCore, {Microsoft.EntityFrameworkCore, 5.0.3}",
      "Microsoft.EntityFrameworkCore.Abstractions, {Microsoft.EntityFrameworkCore.Abstractions, 5.0.3}",
      "Microsoft.EntityFrameworkCore.Relational, {Microsoft.EntityFrameworkCore.Relational, 5.0.3}",
      "Microsoft.EntityFrameworkCore.Sqlite, {Microsoft.EntityFrameworkCore.Sqlite.Core, 5.0.3}",
      "Microsoft.EntityFrameworkCore.SqlServer, {Microsoft.EntityFrameworkCore.SqlServer, 5.0.3}",
      "Microsoft.Extensions.Caching.Abstractions, {Microsoft.Extensions.Caching.Abstractions, 5.0.0}",
      "Microsoft.Extensions.Caching.Memory, {Microsoft.Extensions.Caching.Memory, 5.0.0}",
      "Microsoft.Extensions.Configuration.Abstractions, {Microsoft.Extensions.Configuration.Abstractions, 5.0.0}",
      "Microsoft.Extensions.DependencyInjection, {Microsoft.Extensions.DependencyInjection, 5.0.1}",
      "Microsoft.Extensions.DependencyInjection.Abstractions, {Microsoft.Extensions.DependencyInjection.Abstractions, 5.0.0}",
      "Microsoft.Extensions.DependencyModel, {Microsoft.Extensions.DependencyModel, 5.0.0}",
      "Microsoft.Extensions.Logging, {Microsoft.Extensions.Logging, 5.0.0}",
      "Microsoft.Extensions.Logging.Abstractions, {Microsoft.Extensions.Logging.Abstractions, 5.0.0}",
      "Microsoft.Extensions.Options, {Microsoft.Extensions.Options, 5.0.0}",
      "Microsoft.Extensions.Primitives, {Microsoft.Extensions.Primitives, 5.0.0}",
      "Microsoft.IdentityModel.JsonWebTokens, {Microsoft.IdentityModel.JsonWebTokens, 5.6.0}",
      "Microsoft.IdentityModel.Logging, {Microsoft.IdentityModel.Logging, 5.6.0}",
      "Microsoft.IdentityModel.Protocols, {Microsoft.IdentityModel.Protocols, 5.6.0}",
      "Microsoft.IdentityModel.Protocols.OpenIdConnect, {Microsoft.IdentityModel.Protocols.OpenIdConnect, 5.6.0}",
      "Microsoft.IdentityModel.Tokens, {Microsoft.IdentityModel.Tokens, 5.6.0}",
      "Microsoft.Win32.Registry, {Microsoft.Win32.Registry, 5.0.0}",
      "Newtonsoft.Json, {Newtonsoft.Json, 12.0.3}",
      "React.AspNet, {React.AspNet, 5.2.11}",
      "React.AspNet.Middleware, {React.AspNet.Middleware, 5.2.11}",
      "React.Core, {React.Core, 5.2.11}",
      "SQLitePCLRaw.batteries_v2, {SQLitePCLRaw.bundle_e_sqlite3, 2.0.4}",
      "SQLitePCLRaw.core, {SQLitePCLRaw.core, 2.0.4}",
      "SQLitePCLRaw.nativelibrary, {SQLitePCLRaw.bundle_e_sqlite3, 2.0.4}",
      "SQLitePCLRaw.provider.dynamic_cdecl, {SQLitePCLRaw.provider.dynamic_cdecl, 2.0.4}",
      "System.Collections.Immutable, {System.Collections.Immutable, 5.0.0}",
      "System.ComponentModel.Annotations, {System.ComponentModel.Annotations, 5.0.0}",
      "System.Diagnostics.DiagnosticSource, {System.Diagnostics.DiagnosticSource, 5.0.1}",
      "System.IdentityModel.Tokens.Jwt, {System.IdentityModel.Tokens.Jwt, 5.6.0}",
      "System.Security.AccessControl, {System.Security.AccessControl, 5.0.0}",
      "System.Security.Cryptography.Cng, {System.Security.Cryptography.Cng, 4.5.0}",
      "System.Security.Principal.Windows, {System.Security.Principal.Windows, 5.0.0}",
      "System.Text.Encodings.Web, {System.Text.Encodings.Web, 5.0.0}",
      "System.Text.Json, {System.Text.Json, 5.0.0}"
    ],
    "targetFramework": "netcoreapp3.1",
    "typeReuseMode": "All"
  }
}